{"_timestamp":1.769787513240749e+09,"_runtime":2,"_step":2,"recall":0.5415549597855228,"conf_mat_table":{"ncols":3,"_type":"table-file","_latest_artifact_path":"wandb-client-artifact://nfy0ju8snvtjcpj8gy8ehous78gn51kkf9iy82h5jz0a5t2q5oi9rxmfp8q47mhtytw850if9wj7j7m8mxx1xki1l6bmtybjgm31259iqprtggn5evuozqkv0ljfkebm:latest/conf_mat_table.table.json","artifact_path":"wandb-client-artifact://tmw9st01b28f8mhu919pdxoeqrju13fwptc4kh0che8yyozr2fsb1yq2hb6nl1jximddwjot2wfht0si4awpby82ko4mrvn4rg5gxhcjw04kflk7r4187xqogzmc4yx8/conf_mat_table.table.json","log_mode":"IMMUTABLE","path":"media/table/conf_mat_table_2_6a2ddafc9b6e7620f015.table.json","sha256":"6a2ddafc9b6e7620f01566c8b654b7023cc625355164781593d55ca1f1761560","nrows":4,"size":165},"f1_score":0.608433734939759,"_wandb":{"runtime":2},"precision":0.6941580756013745,"classification_report":{"weighted avg":{"precision":0.8065741671790673,"recall":0.815471965933286,"f1-score":0.8075902876874786,"support":1409},"0":{"f1-score":0.8792943361188487,"support":1036,"precision":0.8470483005366727,"recall":0.9140926640926641},"1":{"f1-score":0.608433734939759,"support":373,"precision":0.6941580756013745,"recall":0.5415549597855228},"accuracy":0.815471965933286,"macro avg":{"precision":0.7706031880690236,"recall":0.7278238119390934,"f1-score":0.7438640355293038,"support":1409}},"accuracy":0.815471965933286}