{"f1":0.6253807106598985,"_timestamp":1.7697994357952328e+09,"precision":0.5040916530278232,"optimal_threshold":0.25,"_step":0,"_runtime":1,"_wandb":{"runtime":1},"accuracy":0.7381121362668559,"recall":0.8235294117647058}