{"conf_mat_table":{"nrows":4,"_latest_artifact_path":"wandb-client-artifact://x0jtlt6vprzwj6zezyuf7x39d3a8iqeua6vvv1m46cie0povg1xs5hm872l4ufu4e1jyysm3ywa917k1wk04shu78hhffhkomh6zzpr813g8odkqqxcseuhlyuqjo06u:latest/conf_mat_table.table.json","ncols":3,"path":"media/table/conf_mat_table_1_0a6ff94cc3b1762372c6.table.json","log_mode":"IMMUTABLE","artifact_path":"wandb-client-artifact://062yh5y8g3kg5od11c8hnj80wt2uh23z54pa3z24aaixfcdl91u9xqckv1k0pi7o2539wvulwf9qiz4d4mutvs8f0drb4ax7xriwhhcmkyavpc1wu24q7f7elew51dyd/conf_mat_table.table.json","sha256":"0a6ff94cc3b1762372c6327df58cee697eaa4159a41c3fd83f8282b1220980d1","_type":"table-file","size":166},"_wandb":{"runtime":4},"precision":0.6546052631578947,"_timestamp":1.7697936391016345e+09,"_runtime":4,"roc_auc":0.8452026660466557,"_step":1,"f1_score":0.5870206489675516,"recall":0.5320855614973262,"accuracy":0.801277501774308}