{"_runtime":2,"accuracy":0.8055358410220014,"f1":0.591044776119403,"precision":0.6666666666666666,"recall":0.5308310991957105,"_timestamp":1.7697834854519076e+09,"_step":0,"_wandb":{"runtime":2}}