{"classification_report":{"accuracy":0.801277501774308,"macro avg":{"f1-score":0.7280897637361122,"support":1409,"precision":0.7481171112169565,"recall":0.7153181430675037},"weighted avg":{"support":1409,"precision":0.791986047744309,"recall":0.801277501774308,"f1-score":0.7942691000469841},"0":{"support":1035,"precision":0.8416289592760181,"recall":0.8985507246376812,"f1-score":0.8691588785046729},"1":{"recall":0.5320855614973262,"f1-score":0.5870206489675516,"support":374,"precision":0.6546052631578947}},"conf_mat_table":{"sha256":"0a6ff94cc3b1762372c6327df58cee697eaa4159a41c3fd83f8282b1220980d1","size":166,"path":"media/table/conf_mat_table_2_0a6ff94cc3b1762372c6.table.json","artifact_path":"wandb-client-artifact://722tr808jga3ty2pcipgzip5do318pdx7oey5fg9lr0de3rl1jnp217cxo9tch764l3s4moamq7oxwx1iox4d1qei5ww4dz47krqpez3f3p1g4duksvtdvz5ltfl9tia/conf_mat_table.table.json","_type":"table-file","log_mode":"IMMUTABLE","ncols":3,"nrows":4,"_latest_artifact_path":"wandb-client-artifact://ca2j8dq75l87fccbtehmbg4x6zvsfnhqxtonfaxzsqphevjnb2f8tu53dwlkaqgkat9xeb4z31x3b0o5jt4wkzg98uw65x4zfl4rcx1nl0yzc58yfcm7r4k28ieuz8i3:latest/conf_mat_table.table.json"},"_step":2,"recall":0.5320855614973262,"precision":0.6546052631578947,"_timestamp":1.7697940114791756e+09,"_wandb":{"runtime":4},"_runtime":4,"f1_score":0.5870206489675516,"accuracy":0.801277501774308}