{"metrics":{"accuracy":0.815471965933286,"macro avg":{"support":1409,"precision":0.7706031880690236,"recall":0.7278238119390934,"f1-score":0.7438640355293038},"weighted avg":{"recall":0.815471965933286,"f1-score":0.8075902876874786,"support":1409,"precision":0.8065741671790673},"0":{"f1-score":0.8792943361188487,"support":1036,"precision":0.8470483005366727,"recall":0.9140926640926641},"1":{"precision":0.6941580756013745,"recall":0.5415549597855228,"f1-score":0.608433734939759,"support":373}},"conf_mat_table":{"_type":"table-file","nrows":4,"size":165,"path":"media/table/conf_mat_table_2_6a2ddafc9b6e7620f015.table.json","sha256":"6a2ddafc9b6e7620f01566c8b654b7023cc625355164781593d55ca1f1761560","artifact_path":"wandb-client-artifact://9d8u3b4r7uukidqmcp81hpdeklert63l8dzmiugewjqaesrsdd8k153m5z721yb2ahrxddivh5kb13n9b0likmty20t5j27rkgdbn0cbc7dk4t13hxjw0kz9j9aeew8d/conf_mat_table.table.json","log_mode":"IMMUTABLE","_latest_artifact_path":"wandb-client-artifact://lfleh3fazq4636ony2heslvxh8nx011yx53pq1jtyf5wlb439w5by5a63ism864ddtjacfh3vn6il2iku9bvsjcs2rmgcfm64movwdc67kuhhfj1rfwv7hcrbhefs2jc:latest/conf_mat_table.table.json","ncols":3},"_wandb":{"runtime":2},"_runtime":2,"f1_score":0.608433734939759,"_timestamp":1.7697873473650005e+09,"_step":2}