{"f1_score":0.608433734939759,"_timestamp":1.7697872808660948e+09,"metrics":{"macro avg":{"precision":0.7706031880690236,"recall":0.7278238119390934,"f1-score":0.7438640355293038,"support":1409},"weighted avg":{"recall":0.815471965933286,"f1-score":0.8075902876874786,"support":1409,"precision":0.8065741671790673},"0":{"f1-score":0.8792943361188487,"support":1036,"precision":0.8470483005366727,"recall":0.9140926640926641},"1":{"precision":0.6941580756013745,"recall":0.5415549597855228,"f1-score":0.608433734939759,"support":373},"accuracy":0.815471965933286},"_wandb":{"runtime":0},"_runtime":0,"_step":1}