{"_timestamp":1.7697808366785767e+09,"_step":0,"_wandb":{"runtime":3},"_runtime":3,"accuracy":0.817,"f1":0.6288032454361054,"precision":0.7110091743119266,"recall":0.5636363636363636}